rosbagTimestamp,x,y,z,rosbagTimestamp,x,z,rosbagTimestamp,x,y
0.09799999999998477,-1.7479325526,1.41325338419,0.873259361097,0.0,0.286843096008,0.0,0.5289999999999964,-2.0,2.0
0.3369999999999891,-1.78057610514,1.36009080961,0.872382331801,0.25099999999997635,0.244804322872,0.0,0.5289999999999964,-2.0,2.0
0.5689999999999884,-1.80903811059,1.31363523047,0.871909238463,0.4519999999999982,0.206170633095,0.0526315789474,0.5289999999999964,-2.0,2.0
0.804000000000002,-1.832147106,1.27498716371,0.863733504062,0.6550000000000011,0.01,-1.0,0.5289999999999964,-2.0,2.0
1.0369999999999777,-1.84477752957,1.24864980372,0.827501146231,0.8999999999999773,0.0,-1.0,0.5289999999999964,-2.0,2.0
1.268999999999977,-1.8510624325,1.23030218757,0.807005258608,1.1499999999999773,0.0,-1.0,0.5289999999999964,-2.0,2.0
1.5039999999999907,-1.85460515866,1.21991741093,0.837532427224,1.3559999999999945,0.0,-1.0,0.5289999999999964,-2.0,2.0
1.7349999999999852,-1.85915008411,1.2120947667,0.893282772911,1.6059999999999945,0.0341232900977,-1.0,0.5289999999999964,-2.0,2.0
1.9709999999999752,-1.87063184412,1.20013189695,0.936475635547,1.8569999999999993,0.0588085222144,-1.0,0.5289999999999964,-2.0,2.0
2.201999999999998,-1.88369586209,1.19105270771,0.970540084991,2.0999999999999943,0.0593923322019,-1.0,0.5289999999999964,-2.0,2.0
2.437999999999988,-1.8983824508,1.18526750362,0.991816473256,2.3119999999999834,0.0596760658832,-1.0,0.5289999999999964,-2.0,2.0
2.6699999999999875,-1.91157255104,1.18315005912,0.999451842516,2.5519999999999925,0.0349131827781,-0.868421052632,0.5289999999999964,-2.0,2.0
2.9059999999999775,-1.92622198644,1.18328837709,0.99830031514,2.768999999999977,0.383448541729,-1.0,0.5289999999999964,-2.0,2.0
3.137999999999977,-1.95363202511,1.18736977698,0.995865639942,2.9989999999999952,0.0347967040746,-1.0,0.5289999999999964,-2.0,2.0
3.3689999999999998,-1.98447588935,1.19548024264,0.984180461251,3.2009999999999934,0.453169557267,-1.0,0.5289999999999964,-2.0,2.0
3.603999999999985,-2.03134621927,1.2201432248,0.956146831065,3.4039999999999964,0.472009714185,-1.0,0.5289999999999964,-2.0,2.0
3.8359999999999843,-2.08866298861,1.27204312316,0.902356563087,3.651999999999987,0.429483469331,-1.0,0.5289999999999964,-2.0,2.0
4.068999999999988,-2.13896307378,1.35298347619,0.843118556988,3.901999999999987,0.398513030559,-1.0,0.5289999999999964,-2.0,2.0
4.307999999999993,-2.16846970289,1.43857243803,0.781197602456,4.149000000000001,0.37032319379,-0.868421052632,0.5289999999999964,-2.0,2.0
4.536000000000001,-2.17904274375,1.51623238539,0.720584241782,4.353999999999985,0.315514787253,-0.736842105263,0.5289999999999964,-2.0,2.0
4.770999999999987,-2.17664136257,1.58305081465,0.667189386883,4.599999999999994,0.262492527831,-0.605263157895,0.5289999999999964,-2.0,2.0
5.002999999999986,-2.16603742519,1.64396083901,0.621561013901,4.802999999999997,0.261226324422,-0.473684210526,0.5289999999999964,-2.0,2.0
5.234999999999985,-2.15165331074,1.69320604046,0.580966438822,5.048999999999978,0.222664596569,-0.342105263158,0.5289999999999964,-2.0,2.0
5.470999999999975,-2.13477210543,1.73672659505,0.547383082768,5.25,0.197056465263,-0.342105263158,0.5289999999999964,-2.0,2.0
5.701999999999998,-2.11824204127,1.77169710274,0.523760292701,5.4529999999999745,0.165348383906,-0.210526315789,0.5289999999999964,-2.0,2.0
5.937999999999988,-2.10201042689,1.80196039728,0.501532825119,5.7029999999999745,0.143805115489,-0.210526315789,0.5289999999999964,-2.0,2.0
6.1699999999999875,-2.0853383997,1.82873511419,0.477197387885,5.903999999999996,0.127393002105,-0.210526315789,0.5289999999999964,-2.0,2.0
6.405000000000001,-2.0720082984,1.84902566464,0.472127252023,6.147999999999996,0.107160224258,-0.0789473684211,0.5289999999999964,-2.0,2.0
6.6370000000000005,-2.06052238854,1.86599840953,0.466488726906,6.35299999999998,0.0907907712003,-0.0789473684211,0.5289999999999964,-2.0,2.0
6.871999999999986,-2.04959221128,1.88185601789,0.458220874384,6.60299999999998,0.0798277462996,-0.210526315789,0.5289999999999964,-2.0,2.0
7.103999999999985,-2.0403027866,1.89424332217,0.433589729486,6.85299999999998,0.0650491253594,-0.210526315789,0.5289999999999964,-2.0,2.0
7.335999999999984,-2.03267536503,1.90361615844,0.425766096027,7.09699999999998,0.054663719552,-0.210526315789,0.5289999999999964,-2.0,2.0
7.570999999999998,-2.02674862505,1.91100340129,0.430148235337,7.304000000000002,0.0419849041066,0.184210526316,0.5289999999999964,-2.0,2.0
7.802999999999997,-2.02460351141,1.91360242978,0.412754488855,7.554000000000002,0.0205219856269,-0.182414725689,0.5289999999999964,-2.0,2.0
8.038999999999987,-2.024574081,1.91363758373,0.409415405205,7.802999999999997,0.0,-0.03101016789,0.5289999999999964,-2.0,2.0
8.269999999999982,-2.02440173099,1.91383838902,0.392117795237,8.048999999999978,0.0,-0.164592014542,0.5289999999999964,-2.0,2.0
8.502999999999986,-2.02434597554,1.9139259918,0.358513011444,8.252999999999986,0.0,-0.325744229572,0.5289999999999964,-2.0,2.0
8.74199999999999,-2.02467081339,1.91366164235,0.313707586329,8.502999999999986,0.0,-0.399842468709,0.5289999999999964,-2.0,2.0
8.980999999999995,-2.02366941616,1.9143387339,0.259770763451,8.752999999999986,0.0,-0.477786610966,0.5289999999999964,-2.0,2.0
9.211999999999989,-2.02192668929,1.915283577,0.209939541185,8.99799999999999,0.0,-0.525573558972,0.5289999999999964,-2.0,2.0
9.446999999999974,-2.02112507049,1.91562899098,0.163790884912,9.251999999999981,0.0,-0.40791774808,0.5289999999999964,-2.0,2.0
9.679000000000002,-2.0204663543,1.91585003071,0.128117094892,9.5,0.0,-0.317591580953,0.5289999999999964,-2.0,2.0
9.895999999999987,-2.01992339267,1.91599509421,0.100274931259,9.702999999999975,0.0,-0.256942298642,0.5289999999999964,-2.0,2.0
10.11499999999998,-2.01953148589,1.91608054672,0.0811572490207,9.949999999999989,0.0,-0.193702534029,0.5289999999999964,-2.0,2.0
10.34699999999998,-2.01914522908,1.91615029077,0.0633051940158,10.197999999999979,0.0,-0.151218631554,0.5289999999999964,-2.0,2.0
10.581999999999994,-2.01882347403,1.91619825091,0.0494018980873,10.401999999999987,0.0,-0.122277499729,0.5289999999999964,-2.0,2.0
10.812999999999988,-2.01855229866,1.9162321568,0.0385760695258,10.650999999999982,0.0,-0.0920772301868,0.5289999999999964,-2.0,2.0
11.048999999999978,-2.01831728061,1.91625715981,0.03003622659,10.85299999999998,0.0,-0.0743927386025,0.5289999999999964,-2.0,2.0
11.280999999999977,-2.01813760671,1.91627493168,0.0233860964525,11.09899999999999,0.0,-0.0579721062322,0.5289999999999964,-2.0,2.0
11.512,-2.01766450428,1.9163003755,0.0235318306248,11.448999999999984,0.0,1.23684210526,11.373999999999995,-2.0,6.0
11.74799999999999,-2.01009705034,1.91703161662,0.0874810417638,11.655000000000001,0.474210526316,1.36842105263,11.373999999999995,-2.0,6.0
11.980999999999995,-1.98529769816,1.92143670511,0.085488721514,11.903999999999996,0.0357894736842,1.36842105263,11.373999999999995,-2.0,6.0
12.21599999999998,-1.94506454191,1.93151317326,0.161871412972,12.149999999999977,0.474210526316,1.36842105263,11.373999999999995,-2.0,6.0
12.446999999999974,-1.88288424621,1.95671875647,0.224484378518,12.35499999999999,0.5,1.36842105263,11.373999999999995,-2.0,6.0
12.679000000000002,-1.80492852883,2.00241676929,0.29837998748,12.601999999999975,0.5,1.36842105263,11.373999999999995,-2.0,6.0
12.913999999999987,-1.72519601397,2.07141322209,0.404808485435,12.850999999999999,0.474210526316,1.36842105263,11.373999999999995,-2.0,6.0
13.146999999999991,-1.6637632873,2.1604504048,0.53626455967,13.100999999999999,0.474210526316,1.36842105263,11.373999999999995,-2.0,6.0
13.381,-1.62921100503,2.26446975908,0.648241155086,13.304999999999978,0.474210526316,0.973684210526,11.373999999999995,-2.0,6.0
13.613,-1.6232246372,2.37827851559,0.721356878293,13.506,0.5,0.710526315789,11.373999999999995,-2.0,6.0
13.829999999999984,-1.63589516542,2.49225761477,0.76879570051,13.754999999999995,0.5,0.447368421053,11.373999999999995,-2.0,6.0
14.048999999999978,-1.65765473216,2.58861249215,0.793158145738,14.007999999999981,0.5,0.315789473684,11.373999999999995,-2.0,6.0
14.262999999999977,-1.69146701674,2.69603385312,0.81905214988,14.25,0.5,0.0,11.373999999999995,-2.0,6.0
14.47999999999999,-1.72643297713,2.78788842766,0.825027610658,14.454999999999984,0.474210526316,0.0,11.373999999999995,-2.0,6.0
14.718999999999994,-1.76893587424,2.89199181544,0.833725404831,14.700999999999993,0.5,-0.0789473684211,11.373999999999995,-2.0,6.0
14.946999999999974,-1.8132783625,2.99936396746,0.827677896328,14.902999999999992,0.474210526316,-0.0789473684211,11.373999999999995,-2.0,6.0
15.177999999999997,-1.85382289004,3.10197908222,0.827116801599,15.156999999999982,0.5,-0.210526315789,11.373999999999995,-2.0,6.0
15.413999999999987,-1.89405827159,3.20408524092,0.822813855613,15.403999999999996,0.474210526316,-0.210526315789,11.373999999999995,-2.0,6.0
15.652999999999992,-1.93343873308,3.30591220737,0.826357052981,15.653999999999996,0.5,-0.473684210526,11.373999999999995,-2.0,6.0
15.881,-1.97251938199,3.41226914566,0.811811707368,15.901999999999987,0.5,-0.342105263158,11.373999999999995,-2.0,6.0
16.11699999999999,-2.00541026111,3.52470027033,0.787960908889,16.149999999999977,0.5,-0.342105263158,11.373999999999995,-2.0,6.0
16.34899999999999,-2.02935167072,3.6398596273,0.762878512346,16.35299999999998,0.5,-0.210526315789,11.373999999999995,-2.0,6.0
16.579999999999984,-2.0455964625,3.75516840632,0.747121747843,16.554000000000002,0.5,-0.210526315789,11.373999999999995,-2.0,6.0
16.811999999999983,-2.05638978481,3.87157081243,0.730707437985,16.802999999999997,0.5,-0.210526315789,11.373999999999995,-2.0,6.0
17.048000000000002,-2.06150371313,3.98887977125,0.713758169723,17.049999999999983,0.5,-0.0789473684211,11.373999999999995,-2.0,6.0
17.262999999999977,-2.0636621442,4.10290661028,0.716145037716,17.25199999999998,0.5,-0.210526315789,11.373999999999995,-2.0,6.0
17.478999999999985,-2.06606974334,4.20085073964,0.715363847626,17.454999999999984,0.5,-0.0789473684211,11.373999999999995,-2.0,6.0
17.714999999999975,-2.06814784085,4.31678835164,0.710281972327,17.701999999999998,0.5,-0.0789473684211,11.373999999999995,-2.0,6.0
17.945999999999998,-2.06813596441,4.43394811495,0.703826413667,17.94999999999999,0.5,-0.0789473684211,11.373999999999995,-2.0,6.0
18.162999999999982,-2.06599029754,4.55058796884,0.697112361343,18.19999999999999,0.5,-0.0789473684211,11.373999999999995,-2.0,6.0
18.381999999999977,-2.06238452046,4.65064761851,0.691289445379,18.40299999999999,0.5,-0.0789473684211,11.373999999999995,-2.0,6.0
18.613999999999976,-2.05613077598,4.76710259262,0.684240452359,18.603999999999985,0.5,-0.0789473684211,11.373999999999995,-2.0,6.0
18.849999999999994,-2.04814338476,4.88384348207,0.682029630307,18.853999999999985,0.5,0.0,11.373999999999995,-2.0,6.0
19.081999999999994,-2.04001999265,5.00003504333,0.681817046123,19.099999999999994,0.5,0.0,11.373999999999995,-2.0,6.0
19.31699999999998,-2.03181642939,5.11622825511,0.681606271956,19.302999999999997,0.5,0.0,11.373999999999995,-2.0,6.0
19.548999999999978,-2.02353900112,5.23235405213,0.681497887031,19.558999999999997,0.451768618619,0.0,11.373999999999995,-2.0,6.0
19.78,-2.0161582481,5.33572100793,0.681343166052,19.799999999999983,0.390867928165,0.0,11.373999999999995,-2.0,6.0
20.014999999999986,-2.0100993781,5.42513469642,0.683025495095,20.048999999999978,0.33115499383,0.0,11.373999999999995,-2.0,6.0
20.246999999999986,-2.00493211979,5.50329222712,0.683496980852,20.256,0.292195531258,0.0,11.373999999999995,-2.0,6.0
20.482,-2.00052545276,5.56919530071,0.68312164122,20.502999999999986,0.240603433401,0.0,11.373999999999995,-2.0,6.0
20.714,-1.99685571513,5.62469066543,0.682838755182,20.752999999999986,0.205575510409,0.0,11.373999999999995,-2.0,6.0
20.945999999999998,-1.99363920205,5.6725534763,0.683030824603,20.99799999999999,0.179538885779,0.0,11.373999999999995,-2.0,6.0
21.181999999999988,-1.99082047167,5.71424767506,0.682190012354,21.198999999999984,0.159851225215,0.0,11.373999999999995,-2.0,6.0
21.412999999999982,-1.98830288961,5.75045278855,0.682178717389,21.401999999999987,0.142403713312,0.0,11.373999999999995,-2.0,6.0
21.649,-1.98560464918,5.78693762702,0.680581240574,21.60299999999998,0.118662625165,0.0,11.373999999999995,-2.0,6.0
21.881,-1.98395732536,5.81420932546,0.686871472365,21.85299999999998,0.095663382153,0.0526315789474,11.373999999999995,-2.0,6.0
22.115999999999985,-1.98256912596,5.8369240212,0.683292997972,22.05499999999998,0.0810689845606,0.315789473684,11.373999999999995,-2.0,6.0
22.34699999999998,-1.98151297252,5.85465225359,0.674007337638,22.258999999999986,0.0692712328631,-0.342105263158,11.373999999999995,-2.0,6.0
22.57899999999998,-1.98029341969,5.86961596396,0.671972759114,22.504999999999995,0.0587381496119,-0.605263157895,11.373999999999995,-2.0,6.0
22.813999999999993,-1.97917854664,5.88207275861,0.679089780871,22.754999999999995,0.0494938048491,-0.736842105263,11.373999999999995,-2.0,6.0
23.05499999999998,-1.9780203392,5.89340823852,0.677878232082,22.998999999999995,0.0391796436834,0.315789473684,11.373999999999995,-2.0,6.0
23.281999999999982,-1.97725351026,5.90431828788,0.679447652177,23.19999999999999,0.0339911674444,0.315789473684,11.373999999999995,-2.0,6.0
23.51399999999998,-1.97678693467,5.91006436734,0.676188071455,23.405,0.00399566416914,-0.0,11.373999999999995,-2.0,6.0
23.748999999999995,-1.97677688107,5.91014404011,0.669751434234,23.649999999999977,0.0,-0.155967459069,11.373999999999995,-2.0,6.0
23.980999999999995,-1.97669394005,5.91023817885,0.651144157727,23.85299999999998,0.0,-0.279894332493,11.373999999999995,-2.0,6.0
24.212999999999994,-1.97580034018,5.91018176046,0.636206904513,24.097999999999985,0.0,-0.229679762593,11.373999999999995,-2.0,6.0
24.448999999999984,-1.97573931537,5.91038714274,0.612756468989,24.302999999999997,0.0,-0.293977136524,11.373999999999995,-2.0,6.0
24.662999999999982,-1.97552839271,5.91115631603,0.57556372526,24.552999999999997,0.0,-0.452819216119,11.373999999999995,-2.0,6.0
24.879999999999995,-1.97518374075,5.91205231696,0.530620800409,24.801999999999992,0.0,-0.584201796423,11.373999999999995,-2.0,6.0
25.111999999999995,-1.97448929105,5.91331958431,0.460760119756,25.048000000000002,0.0,-0.787224580571,11.373999999999995,-2.0,6.0
25.34699999999998,-1.97338011834,5.91469256535,0.372159444023,25.301999999999992,0.0,-0.819492802871,11.373999999999995,-2.0,6.0
25.583,-1.97216518378,5.91572890985,0.289972788127,25.551999999999992,0.0,-0.674203732042,11.373999999999995,-2.0,6.0
25.814999999999998,-1.97102384288,5.91642194181,0.220167892462,25.801999999999992,0.0,-0.494700458579,11.373999999999995,-2.0,6.0
26.046999999999997,-1.9701018836,5.91682947429,0.166652076613,26.048000000000002,0.0,-0.335506588159,11.373999999999995,-2.0,6.0
26.281999999999982,-1.96941550106,5.91705489664,0.128031770164,26.25199999999998,0.0,-0.266433823744,11.373999999999995,-2.0,6.0
26.51399999999998,-1.96887753566,5.91718774936,0.0990811367654,26.502999999999986,0.0,-0.205751834836,11.373999999999995,-2.0,6.0
26.744999999999976,-1.96825528619,5.91714057813,0.0779946799822,26.752999999999986,0.0,-0.156149024044,11.373999999999995,-2.0,6.0
26.980999999999995,-1.96784951504,5.91597707959,0.0676050709315,26.998999999999995,0.0,-0.135314328221,11.373999999999995,-2.0,6.0
27.212999999999994,-1.96744829404,5.9154083571,0.0565314402325,27.248999999999995,0.0,-0.109954154589,11.373999999999995,-2.0,6.0
27.448999999999984,-1.96715253255,5.91542995347,0.0459375071401,27.451999999999998,0.0,-0.0919080109808,11.373999999999995,-2.0,6.0
27.679000000000002,-1.96701388669,5.91543006982,0.0368837794357,27.701999999999998,0.0,-0.0737847966076,11.373999999999995,-2.0,6.0
27.914999999999992,-1.96690014511,5.91542641425,0.0298228992924,27.948999999999984,0.0,-0.057842431691,11.373999999999995,-2.0,6.0
28.147999999999996,-1.96680475231,5.91542168956,0.0242482357938,28.188999999999993,0.0,0.0,11.373999999999995,-2.0,6.0
28.37899999999999,-1.96680607682,5.91542332619,0.0240664882151,28.400999999999982,0.474210526316,-0.736842105263,28.275000000000006,4.0,4.0
28.61499999999998,-1.95915310593,5.91565044263,-0.00231147348303,28.60499999999999,0.5,-0.473684210526,28.275000000000006,4.0,4.0
28.84699999999998,-1.92401218925,5.91349733348,-0.0454607111677,28.806999999999988,0.5,-0.605263157895,28.275000000000006,4.0,4.0
29.083,-1.86309701259,5.90516646263,-0.0882861138899,29.050999999999988,0.474210526316,-0.473684210526,28.275000000000006,4.0,4.0
29.313999999999993,-1.77863531858,5.88310765175,-0.168491006279,29.25199999999998,0.5,-0.210526315789,28.275000000000006,4.0,4.0
29.545999999999992,-1.68194076748,5.8412712072,-0.224628287999,29.456999999999994,0.5,-0.210526315789,28.275000000000006,4.0,4.0
29.780999999999977,-1.57813303784,5.78957786078,-0.231242179203,29.70599999999999,0.5,0.0,28.275000000000006,4.0,4.0
30.01399999999998,-1.47437417728,5.73690062742,-0.233284117811,29.951999999999998,0.5,-0.0789473684211,28.275000000000006,4.0,4.0
30.248999999999995,-1.37041381038,5.68338099934,-0.235527470245,30.19999999999999,0.5,-0.0789473684211,28.275000000000006,4.0,4.0
30.47999999999999,-1.26699925509,5.62978061845,-0.236960102081,30.401999999999987,0.5,0.0,28.275000000000006,4.0,4.0
30.714999999999975,-1.16356597237,5.57626515799,-0.234829967446,30.60299999999998,0.5,0.0,28.275000000000006,4.0,4.0
30.946999999999974,-1.05939384676,5.52339177398,-0.227443318703,30.805999999999983,0.5,0.0,28.275000000000006,4.0,4.0
31.162999999999982,-0.954909963687,5.47237561418,-0.219090191412,31.050999999999988,0.5,0.184210526316,28.275000000000006,4.0,4.0
31.377999999999986,-0.864039477904,5.43120489405,-0.204703063005,31.300999999999988,0.5,0.0526315789474,28.275000000000006,4.0,4.0
31.613999999999976,-0.757182088604,5.38575431919,-0.19778457581,31.502999999999986,0.5,0.0526315789474,28.275000000000006,4.0,4.0
31.845999999999975,-0.648717019664,5.34244220112,-0.186728752837,31.70399999999998,0.5,0.0526315789474,28.275000000000006,4.0,4.0
32.081999999999994,-0.540043605838,5.29970508252,-0.185537331059,31.952999999999975,0.5,0.0,28.275000000000006,4.0,4.0
32.31299999999999,-0.43145504236,5.25721100723,-0.184310974602,32.20099999999999,0.5,0.184210526316,28.275000000000006,4.0,4.0
32.54899999999998,-0.322422153395,5.21538562118,-0.179994320301,32.40799999999999,0.5,0.184210526316,28.275000000000006,4.0,4.0
32.78099999999998,-0.213458657514,5.17445427639,-0.177153020376,32.65699999999998,0.5,0.0526315789474,28.275000000000006,4.0,4.0
33.01299999999998,-0.104297857411,5.13425902627,-0.17402923618,32.90699999999998,0.5,0.0,28.275000000000006,4.0,4.0
33.248999999999995,0.00595019302415,5.0948554526,-0.170402615896,33.15099999999998,0.5,-0.0789473684211,28.275000000000006,4.0,4.0
33.478999999999985,0.115796511001,5.0569599936,-0.159051511199,33.353999999999985,0.5,0.184210526316,28.275000000000006,4.0,4.0
33.71599999999998,0.226690984905,5.02156585263,-0.152560978959,33.607,0.5,0.0,28.275000000000006,4.0,4.0
33.946999999999974,0.338161610684,4.98782551208,-0.139071956875,33.855999999999995,0.5,0.184210526316,28.275000000000006,4.0,4.0
34.179,0.450216697242,4.95565185953,-0.141039859973,34.101,0.5,0.0526315789474,28.275000000000006,4.0,4.0
34.41499999999999,0.562212220583,4.92272468509,-0.1461375174,34.304,0.5,-0.0789473684211,28.275000000000006,4.0,4.0
34.64599999999999,0.67410664168,4.88863780398,-0.147491630582,34.553,0.5,0.0,28.275000000000006,4.0,4.0
34.88199999999998,0.785426927657,4.85463146764,-0.145267817141,34.756,0.5,0.0,28.275000000000006,4.0,4.0
35.113999999999976,0.896981113899,4.82093867467,-0.147926814768,35.00199999999998,0.5,-0.0789473684211,28.275000000000006,4.0,4.0
35.345999999999975,1.00880534005,4.7864666863,-0.148218668817,35.25199999999998,0.5,0.0526315789474,28.275000000000006,4.0,4.0
35.581999999999994,1.12028773571,4.75269609193,-0.144984613095,35.454999999999984,0.5,0.0526315789474,28.275000000000006,4.0,4.0
35.81399999999999,1.23197294342,4.71978512408,-0.140960675057,35.70399999999998,0.5,0.0,28.275000000000006,4.0,4.0
36.04899999999998,1.344329439,4.68715545846,-0.137608418089,35.905,0.5,0.0,28.275000000000006,4.0,4.0
36.26299999999998,1.45640386266,4.65512516534,-0.141376226531,36.15099999999998,0.5,-0.0789473684211,28.275000000000006,4.0,4.0
36.47999999999999,1.55229098242,4.62781516644,-0.138076278949,36.35299999999998,0.5,-0.0789473684211,28.275000000000006,4.0,4.0
36.71599999999998,1.66436613269,4.59567831273,-0.141015989286,36.603999999999985,0.5,0.0526315789474,28.275000000000006,4.0,4.0
36.94799999999998,1.77651117526,4.56192704207,-0.15044730567,36.853999999999985,0.5,-0.0789473684211,28.275000000000006,4.0,4.0
37.17999999999998,1.88790463029,4.52794120948,-0.14393736741,37.101,0.5,0.184210526316,28.275000000000006,4.0,4.0
37.41499999999999,1.99956801515,4.49481375992,-0.144994017772,37.303,0.5,-0.0789473684211,28.275000000000006,4.0,4.0
37.65099999999998,2.11154787324,4.46095496779,-0.147666382539,37.50399999999999,0.5,-0.0789473684211,28.275000000000006,4.0,4.0
37.88199999999998,2.22290454197,4.42675242386,-0.147609539427,37.752999999999986,0.5,0.0526315789474,28.275000000000006,4.0,4.0
38.119,2.3344607665,4.39323032297,-0.143758157965,38.00199999999998,0.5,0.0,28.275000000000006,4.0,4.0
38.345999999999975,2.44665760505,4.36033424684,-0.143266606429,38.252999999999986,0.5,-0.0789473684211,28.275000000000006,4.0,4.0
38.58099999999999,2.55813863976,4.32790415114,-0.141665223711,38.454999999999984,0.5,-0.0789473684211,28.275000000000006,4.0,4.0
38.81299999999999,2.67001100961,4.29522215368,-0.138629712692,38.70399999999998,0.5,0.0526315789474,28.275000000000006,4.0,4.0
39.04899999999998,2.78226732717,4.26271247743,-0.14096246198,38.90699999999998,0.5,0.0526315789474,28.275000000000006,4.0,4.0
39.28099999999998,2.89419990405,4.23065958736,-0.137631182061,39.15099999999998,0.5,0.0,28.275000000000006,4.0,4.0
39.512,3.00438918304,4.19921486246,-0.138889897321,39.35499999999999,0.5,0.0526315789474,28.275000000000006,4.0,4.0
39.72999999999999,3.11712124191,4.16835437605,-0.124833292565,39.60499999999999,0.5,0.184210526316,28.275000000000006,4.0,4.0
39.94799999999998,3.21275077852,4.14500329498,-0.116646987199,39.85499999999999,0.473648522509,0.0526315789474,28.275000000000006,4.0,4.0
40.16299999999998,3.31295995667,4.12158721387,-0.112290030108,40.107,0.390555028636,0.0526315789474,28.275000000000006,4.0,4.0
40.377999999999986,3.38500607266,4.10498827163,-0.111228877648,40.355999999999995,0.335452532094,0.0526315789474,28.275000000000006,4.0,4.0
40.613999999999976,3.45930442979,4.08856182277,-0.105746514535,40.605999999999995,0.294808796541,0.0526315789474,28.275000000000006,4.0,4.0
40.845,3.52942173064,4.07387256055,-0.100662050749,40.853999999999985,0.265979647438,0.0526315789474,28.275000000000006,4.0,4.0
41.081999999999994,3.59056216137,4.06149101025,-0.0971721626003,41.05699999999999,0.235751759012,0.0526315789474,28.275000000000006,4.0,4.0
41.31299999999999,3.64235786057,4.05157807721,-0.0917913747265,41.303,0.205837932241,0.0526315789474,28.275000000000006,4.0,4.0
41.548,3.68770437046,4.04335348453,-0.086658266531,41.55199999999999,0.176230017995,0.0526315789474,28.275000000000006,4.0,4.0
41.78,3.72725414232,4.03665856786,-0.0807108308878,41.754999999999995,0.156893522331,0.0526315789474,28.275000000000006,4.0,4.0
42.00999999999999,3.76394286432,4.03100340332,-0.0735784121173,41.998999999999995,0.129303319906,0.0,28.275000000000006,4.0,4.0
42.24599999999998,3.79245045803,4.02706371084,-0.0519937807979,42.19999999999999,0.108840618064,0.315789473684,28.275000000000006,4.0,4.0
42.480999999999995,3.81685010813,4.02530300503,-0.0299967820712,42.40299999999999,0.0984704257768,-0.210526315789,28.275000000000006,4.0,4.0
42.712999999999994,3.83681081961,4.02455033723,-0.00294078646168,42.603999999999985,0.083744367158,0.315789473684,28.275000000000006,4.0,4.0
42.948999999999984,3.85715187664,4.02435404701,-0.00232986620906,42.85499999999999,0.0691129682206,0.315789473684,28.275000000000006,4.0,4.0
43.18099999999998,3.87226455922,4.02398478858,-0.0241460308793,43.09899999999999,0.0541925492513,0.315789473684,28.275000000000006,4.0,4.0
43.41199999999998,3.88369989775,4.02363117164,-0.0253481390946,43.303,0.0500932050905,-0.605263157895,28.275000000000006,4.0,4.0
43.64699999999999,3.89433092514,4.02307285168,-0.0415056077766,43.554,0.0396489283166,0.315789473684,28.275000000000006,4.0,4.0
43.88299999999998,3.90337875909,4.02223035912,-0.0547068417075,43.803,0.033933320431,0.315789473684,28.275000000000006,4.0,4.0
44.11499999999998,3.90715359206,4.02191103341,-0.0268903245403,44.05499999999998,0.0,0.204593974854,28.275000000000006,4.0,4.0
44.34699999999998,3.90744630385,4.02189974422,-0.0190880557506,44.40099999999998,0.0,-1.0,44.32499999999999,-3.0,1.0
44.57899999999998,3.90886911349,4.02179386338,-0.0659857651704,44.60499999999999,0.0357894736842,-1.0,44.32499999999999,-3.0,1.0
44.81399999999999,3.91898664937,4.01928555124,-0.181437677895,44.80599999999998,0.0357894736842,-1.0,44.32499999999999,-3.0,1.0
45.04599999999999,3.92900047098,4.01405711873,-0.28611176925,45.05099999999999,0.474210526316,-1.0,44.32499999999999,-3.0,1.0
45.28199999999998,3.957715142,3.99194858612,-0.350984406981,45.25699999999998,0.5,-1.0,44.32499999999999,-3.0,1.0
45.51299999999998,3.9993192421,3.94795313662,-0.439150764062,45.504999999999995,0.474210526316,-1.0,44.32499999999999,-3.0,1.0
45.748999999999995,4.04400784838,3.87543869931,-0.535086608106,45.754999999999995,0.5,-1.0,44.32499999999999,-3.0,1.0
45.980999999999995,4.07978722231,3.77187275515,-0.63113851676,46.00799999999998,0.474210526316,-1.0,44.32499999999999,-3.0,1.0
46.212999999999994,4.09004493148,3.65863434332,-0.720945308575,46.25199999999998,0.474210526316,-1.0,44.32499999999999,-3.0,1.0
46.44799999999998,4.07339230316,3.54514812709,-0.79724256836,46.454999999999984,0.5,-0.868421052632,44.32499999999999,-3.0,1.0
46.679,4.03153780153,3.43472414876,-0.854465562889,46.70099999999999,0.5,-0.868421052632,44.32499999999999,-3.0,1.0
46.91499999999999,3.96759405545,3.33627089115,-0.903076442914,46.903999999999996,0.5,-0.605263157895,44.32499999999999,-3.0,1.0
47.147999999999996,3.88879134069,3.24911716558,-0.924992741261,47.15099999999998,0.5,-0.473684210526,44.32499999999999,-3.0,1.0
47.37899999999999,3.80094776308,3.17128963757,-0.944544591005,47.353999999999985,0.5,-0.473684210526,44.32499999999999,-3.0,1.0
47.613999999999976,3.70534720839,3.10325138549,-0.959920262134,47.55599999999998,0.5,-0.473684210526,44.32499999999999,-3.0,1.0
47.845999999999975,3.603545943,3.04437125987,-0.970187367559,47.80099999999999,0.5,0.0,44.32499999999999,-3.0,1.0
48.081999999999994,3.49914059917,2.99176255192,-0.976248518354,48.05199999999999,0.5,-0.0789473684211,44.32499999999999,-3.0,1.0
48.31399999999999,3.39231913602,2.94410462711,-0.979964802013,48.25399999999999,0.5,-0.0789473684211,44.32499999999999,-3.0,1.0
48.54499999999999,3.28414034759,2.89927315617,-0.982278425435,48.504999999999995,0.5,-0.0789473684211,44.32499999999999,-3.0,1.0
48.78,3.17527404787,2.85761081746,-0.984743746343,48.754999999999995,0.5,-0.210526315789,44.32499999999999,-3.0,1.0
49.01299999999998,3.06508887842,2.81915588057,-0.987272918924,49.00799999999998,0.5,0.0,44.32499999999999,-3.0,1.0
49.24799999999999,2.95331408462,2.78370591088,-0.989158205928,49.25699999999998,0.5,-0.210526315789,44.32499999999999,-3.0,1.0
49.47999999999999,2.84115977725,2.75133402201,-0.990776980268,49.50699999999998,0.5,0.0,44.32499999999999,-3.0,1.0
49.71599999999998,2.72819573008,2.7216501453,-0.992468133957,49.75699999999998,0.5,-0.0789473684211,44.32499999999999,-3.0,1.0
49.94799999999998,2.61408398289,2.69458134619,-0.993703420452,50.00799999999998,0.5,0.0,44.32499999999999,-3.0,1.0
50.16299999999998,2.50024984841,2.66994711772,-0.994824389593,50.254999999999995,0.5,-0.0789473684211,44.32499999999999,-3.0,1.0
50.37899999999999,2.40208834972,2.65096799015,-0.995721052429,50.50399999999999,0.5,0.0,44.32499999999999,-3.0,1.0
50.613999999999976,2.28708447512,2.63047815127,-0.99667890627,50.75699999999998,0.5,-0.0789473684211,44.32499999999999,-3.0,1.0
50.845999999999975,2.17139751986,2.61201489577,-0.997080273466,50.958999999999975,0.5,0.184210526316,44.32499999999999,-3.0,1.0
51.081999999999994,2.05669300117,2.59320852585,-0.996027201609,51.16,0.5,0.184210526316,44.32499999999999,-3.0,1.0
51.31299999999999,1.94251465108,2.57105720595,-0.994941390504,51.371999999999986,0.5,0.0526315789474,44.32499999999999,-3.0,1.0
51.553,1.8278449622,2.54778003387,-0.995019973686,51.603999999999985,0.5,-0.0789473684211,44.32499999999999,-3.0,1.0
51.78,1.713612838,2.52498006718,-0.995195801459,51.804,0.5,-0.0789473684211,44.32499999999999,-3.0,1.0
52.01299999999998,1.59948303398,2.50203499616,-0.995093766171,52.059,0.5,0.0,44.32499999999999,-3.0,1.0
52.24799999999999,1.48491503531,2.47917307321,-0.99498069755,52.30099999999999,0.5,0.184210526316,44.32499999999999,-3.0,1.0
52.478999999999985,1.3714312175,2.45421057306,-0.993755159266,52.50699999999998,0.5,0.0526315789474,44.32499999999999,-3.0,1.0
52.714999999999975,1.25811824301,2.42771301166,-0.993112215897,52.752999999999986,0.5,0.0526315789474,44.32499999999999,-3.0,1.0
52.946999999999974,1.14449606599,2.40021969969,-0.992761440058,53.00199999999998,0.5,0.0,44.32499999999999,-3.0,1.0
53.16299999999998,1.03146980333,2.37234640695,-0.992675437205,53.25199999999998,0.5,0.0,44.32499999999999,-3.0,1.0
53.377999999999986,0.93452658877,2.34826987145,-0.992418352956,53.454999999999984,0.5,-0.0789473684211,44.32499999999999,-3.0,1.0
53.613999999999976,0.822175923362,2.31909078649,-0.991775538365,53.655,0.5,-0.0789473684211,44.32499999999999,-3.0,1.0
53.847999999999985,0.709602544028,2.28868499057,-0.990794749602,53.905,0.5,0.184210526316,44.32499999999999,-3.0,1.0
54.06299999999999,0.597547528329,2.25665189168,-0.989548065901,54.15199999999999,0.5,0.0526315789474,44.32499999999999,-3.0,1.0
54.278999999999996,0.502070112557,2.22752847207,-0.98866966424,54.403999999999996,0.5,0.0526315789474,44.32499999999999,-3.0,1.0
54.514999999999986,0.391024532362,2.19259813713,-0.987990358172,54.653999999999996,0.5,0.184210526316,44.32499999999999,-3.0,1.0
54.75,0.279955429588,2.15643257514,-0.986715999268,54.85899999999998,0.5,0.0526315789474,44.32499999999999,-3.0,1.0
54.982999999999976,0.170497455964,2.11788178171,-0.985157185502,55.101999999999975,0.5,0.0,44.32499999999999,-3.0,1.0
55.214999999999975,0.0610370816717,2.07832473143,-0.984633433451,55.303,0.5,0.0526315789474,44.32499999999999,-3.0,1.0
55.44999999999999,-0.0485643732342,2.03768214855,-0.983839976819,55.508999999999986,0.5,-0.0789473684211,44.32499999999999,-3.0,1.0
55.68199999999999,-0.157542020881,1.99653383672,-0.983539023109,55.754999999999995,0.5,0.0,44.32499999999999,-3.0,1.0
55.91199999999998,-0.266089627902,1.95466512185,-0.982852687144,55.958999999999975,0.5,0.0,44.32499999999999,-3.0,1.0
56.147999999999996,-0.37506176881,1.91215033322,-0.983105162991,56.202,0.5,0.0,44.32499999999999,-3.0,1.0
56.37899999999999,-0.483917682545,1.87077937182,-0.984076122249,56.454999999999984,0.5,0.0526315789474,44.32499999999999,-3.0,1.0
56.61499999999998,-0.593057457267,1.83037250148,-0.984122431972,56.710999999999984,0.5,0.0526315789474,44.32499999999999,-3.0,1.0
56.845999999999975,-0.702460950824,1.78917552115,-0.983426869647,56.95099999999999,0.5,0.0526315789474,44.32499999999999,-3.0,1.0
57.081999999999994,-0.811158627322,1.74747474421,-0.982954338264,57.20099999999999,0.5,0.0526315789474,44.32499999999999,-3.0,1.0
57.31399999999999,-0.919598531537,1.70501985764,-0.982404304325,57.452999999999975,0.5,-0.0789473684211,44.32499999999999,-3.0,1.0
57.54499999999999,-1.0284227751,1.66199989365,-0.982643521067,57.653999999999996,0.5,-0.0789473684211,44.32499999999999,-3.0,1.0
57.78099999999998,-1.13686046336,1.61951251828,-0.983028964554,57.85499999999999,0.5,-0.0789473684211,44.32499999999999,-3.0,1.0
58.016999999999996,-1.24593041788,1.57821971797,-0.984249365431,58.101,0.5,0.0,44.32499999999999,-3.0,1.0
58.248999999999995,-1.35599755258,1.53816377342,-0.985434323957,58.303,0.5,-0.0789473684211,44.32499999999999,-3.0,1.0
58.478999999999985,-1.46587467043,1.49917367337,-0.985947700887,58.50399999999999,0.5,-0.0789473684211,44.32499999999999,-3.0,1.0
58.696,-1.57593696868,1.46087093124,-0.986094291417,58.704999999999984,0.5,-0.0789473684211,44.32499999999999,-3.0,1.0
58.911,-1.67065869636,1.42824032223,-0.98635339672,58.952,0.5,0.0526315789474,44.32499999999999,-3.0,1.0
59.129999999999995,-1.78121409598,1.38987810801,-0.985956942917,59.20099999999999,0.5,0.0526315789474,44.32499999999999,-3.0,1.0
59.34699999999998,-1.87550163392,1.35680473114,-0.985686559607,59.403999999999996,0.5,0.0526315789474,44.32499999999999,-3.0,1.0
59.57899999999998,-1.98529377763,1.31800899109,-0.98537281677,59.607,0.5,0.0,44.32499999999999,-3.0,1.0
59.81399999999999,-2.09538966301,1.27947784875,-0.98631341948,59.85499999999999,0.474210526316,0.0,44.32499999999999,-3.0,1.0
60.047,-2.20451699674,1.24266655357,-0.987338354378,60.10899999999998,0.479499906031,-0.0789473684211,44.32499999999999,-3.0,1.0
60.28199999999998,-2.31099257747,1.20854750355,-0.988520097361,60.355999999999995,0.405842114113,0.0,44.32499999999999,-3.0,1.0
60.51399999999998,-2.40532004076,1.18007504946,-0.989713883599,60.603999999999985,0.350494368639,0.0,44.32499999999999,-3.0,1.0
60.748999999999995,-2.48590628199,1.15641729138,-0.989556750399,60.80499999999998,0.29392957773,0.0,44.32499999999999,-3.0,1.0
60.980999999999995,-2.55242764756,1.1364729079,-0.98946297158,61.04999999999998,0.25124699218,0.0,44.32499999999999,-3.0,1.0
61.216999999999985,-2.60961644335,1.11930949143,-0.989278238245,61.303,0.219235363129,0.0,44.32499999999999,-3.0,1.0
61.44799999999998,-2.65971698907,1.1042362619,-0.989402107543,61.50399999999999,0.195048984523,0.0,44.32499999999999,-3.0,1.0
61.679,-2.70321333572,1.09111128508,-0.989188006698,61.704999999999984,0.173536386121,0.0,44.32499999999999,-3.0,1.0
61.91499999999999,-2.74020568905,1.08001529225,-0.990197825767,61.95099999999999,0.141424961465,0.0,44.32499999999999,-3.0,1.0
62.129999999999995,-2.77714216604,1.06921556224,-0.987624205079,62.19999999999999,0.108019341112,-0.473684210526,44.32499999999999,-3.0,1.0
62.34699999999998,-2.80558943358,1.05946972915,-0.985689436364,62.403999999999996,0.0946378091084,-0.342105263158,44.32499999999999,-3.0,1.0
62.57899999999998,-2.82814021081,1.05214935711,-0.99074040871,62.603999999999985,0.0804757812187,-0.342105263158,44.32499999999999,-3.0,1.0
62.81399999999999,-2.84692248777,1.04759186539,-0.994521159515,62.85299999999998,0.0710020619246,-0.210526315789,44.32499999999999,-3.0,1.0
63.05099999999999,-2.86328530365,1.04449865833,-0.996752610057,63.101,0.0601775082228,-0.210526315789,44.32499999999999,-3.0,1.0
63.27799999999999,-2.87719824525,1.04255458522,-0.998405002124,63.304,0.0519688091625,-0.210526315789,44.32499999999999,-3.0,1.0
63.51299999999998,-2.88916306567,1.04147004472,-0.999481260857,63.54999999999998,0.0408921272561,-0.210526315789,44.32499999999999,-3.0,1.0
63.748999999999995,-2.90337991725,1.04075223784,-0.999780135787,63.754999999999995,0.0317616639738,-0.210526315789,44.32499999999999,-3.0,1.0
63.97999999999999,-2.91101601492,1.04058062649,-0.999934361046,64.0,0.00215570311877,0.103779547849,44.32499999999999,-3.0,1.0
64.21599999999998,-2.9128028048,1.04053527966,-0.999657785769,64.25099999999998,-0.0,0.0,44.32499999999999,-3.0,1.0
64.452,-2.91280617049,1.04054554403,-0.999526396809,64.45299999999997,0.0,0.142314043521,44.32499999999999,-3.0,1.0
64.684,-2.91219615286,1.04060794414,-0.998799338005,64.702,0.0,0.246358326926,44.32499999999999,-3.0,1.0
64.91499999999999,-2.91117749465,1.04074602751,-0.997077579582,64.91799999999998,0.0,0.323633493352,44.32499999999999,-3.0,1.0
65.14699999999999,-2.91004548527,1.04097049594,-0.993494203969,65.14999999999998,0.0,0.457396011815,44.32499999999999,-3.0,1.0
65.38,-2.9090804654,1.04127658364,-0.985644643373,65.35199999999998,0.0,0.592589423941,44.32499999999999,-3.0,1.0
65.612,-2.9108299416,1.04051038129,-0.981093621734,65.60399999999998,0.0,0.163345245464,44.32499999999999,-3.0,1.0
65.84799999999998,-2.91236554483,1.03989136382,-0.979625406463,65.85399999999998,0.0,0.27762045858,44.32499999999999,-3.0,1.0
66.07999999999998,-2.9118632685,1.04013767195,-0.972658537642,66.1,0.0,0.417303447819,44.32499999999999,-3.0,1.0
66.315,-2.911050568,1.04063011578,-0.958769717056,66.30499999999998,0.0,0.559977926382,44.32499999999999,-3.0,1.0
66.547,-2.9100187611,1.04145391058,-0.935157326026,66.50699999999998,0.0,0.709336458376,44.32499999999999,-3.0,1.0
66.78199999999998,-2.90888869521,1.04272292607,-0.897624337926,66.75199999999998,0.0,-1.0,44.32499999999999,-3.0,1.0
67.01499999999999,-2.91050664541,1.0408084558,-0.915367265723,66.999,0.0,0.856953203013,44.32499999999999,-3.0,1.0
67.24599999999998,-2.91494602942,1.03639867742,-0.922949536221,67.20599999999999,0.0,0.540337463271,44.32499999999999,-3.0,1.0
67.481,-2.91530242676,1.03606053419,-0.911136747215,67.417,0.0,0.366566355566,44.32499999999999,-3.0,1.0
67.713,-2.91485907917,1.03663853731,-0.892211228578,67.655,0.0,0.474399126326,44.32499999999999,-3.0,1.0
67.94799999999998,-2.91427466202,1.03760654963,-0.860976313586,67.856,0.0,0.632500935367,44.32499999999999,-3.0,1.0
68.17999999999998,-2.91367303112,1.0390581407,-0.814043289425,68.1,0.0,0.794445663661,44.32499999999999,-3.0,1.0
68.416,-2.91319511795,1.04123484894,-0.749547732654,68.30099999999999,0.0,0.927564893149,44.32499999999999,-3.0,1.0
68.65099999999998,-2.91323261073,1.04308450366,-0.66900948799,68.50299999999999,0.0,1.0,44.32499999999999,-3.0,1.0
68.87899999999999,-2.91372324471,1.04503066042,-0.578631515645,68.75399999999999,0.0,1.0,44.32499999999999,-3.0,1.0
69.11499999999998,-2.91465321323,1.04682115331,-0.480031543552,69.006,0.0,1.0,44.32499999999999,-3.0,1.0
69.34599999999998,-2.91593013134,1.04831330109,-0.379164524898,69.25199999999998,0.0,0.895871431291,44.32499999999999,-3.0,1.0
69.58199999999997,-2.91729650085,1.04936857116,-0.289983986382,69.50300000000001,0.0,0.757132958113,44.32499999999999,-3.0,1.0
69.81299999999996,-2.91854869026,1.05003957449,-0.219654867287,69.75300000000001,0.0,0.509082986296,44.32499999999999,-3.0,1.0
70.04999999999998,-2.91932159656,1.05034371574,-0.170048216016,69.99999999999997,0.0,0.366046876605,44.32499999999999,-3.0,1.0
70.28099999999998,-2.91902769735,1.05023740641,-0.138233997101,70.20199999999997,0.0,0.303398667402,44.32499999999999,-3.0,1.0
70.513,-2.91948097102,1.05033346604,-0.108724296379,70.40399999999997,0.0,0.250230816712,44.32499999999999,-3.0,1.0
70.72999999999999,-2.91984805923,1.05039511279,-0.085272395158,70.60499999999999,0.0,0.203007724518,44.32499999999999,-3.0,1.0
70.94800000000001,-2.92007515035,1.05042449032,-0.0694191321635,70.85499999999999,0.0,0.153999017849,44.32499999999999,-3.0,1.0
71.17999999999998,-2.92026343495,1.05044344127,-0.0547238082271,71.1,0.0,0.121228290264,44.32499999999999,-3.0,1.0
71.41099999999997,-2.92038940382,1.05045225366,-0.0433012515826,71.35,0.0,0.0925350642509,44.32499999999999,-3.0,1.0
71.65,-2.92047936403,1.05045687128,-0.0342891732288,71.55699999999999,0.0,0.075745322836,44.32499999999999,-3.0,1.0
71.881,-2.92055707292,1.05046129461,-0.0272835294834,71.80299999999997,0.0,0.0601604859054,44.32499999999999,-3.0,1.0
72.114,-2.92056446758,1.05046157709,-0.02421933902,72.03999999999999,0.0,0.0,44.32499999999999,-3.0,1.0
72.345,-2.92041685892,1.05046095858,-0.0325900048922,72.251,0.0,-1.0,72.126,-5.0,5.0
72.58000000000001,-2.91860816998,1.05018209426,-0.144361072113,72.45699999999997,0.0,-1.0,72.126,-5.0,5.0
72.81199999999998,-2.91724306697,1.0496660975,-0.255654444288,72.70699999999997,0.0,-1.0,72.126,-5.0,5.0
73.04799999999997,-2.91546006429,1.04844377032,-0.365268922537,72.95199999999997,0.0,-1.0,72.126,-5.0,5.0
73.27899999999997,-2.91402623253,1.04686470179,-0.470456790392,73.20199999999997,0.0,-1.0,72.126,-5.0,5.0
73.51500000000001,-2.91297852029,1.0449663629,-0.56985000862,73.40599999999998,0.0,-1.0,72.126,-5.0,5.0
73.74699999999999,-2.91239639453,1.04286149288,-0.662317876451,73.65399999999997,0.0,-1.0,72.126,-5.0,5.0
73.98099999999997,-2.91230850362,1.04090886304,-0.743811788492,73.85499999999999,0.0,-1.0,72.126,-5.0,5.0
74.213,-2.91386147821,1.03376673297,-0.808032840818,74.10099999999997,0.0357894736842,-1.0,72.126,-5.0,5.0
74.44899999999998,-2.9181830373,1.024140374,-0.870832352518,74.30699999999999,0.0357894736842,-1.0,72.126,-5.0,5.0
74.68100000000001,-2.93244676003,1.00761663219,-0.939821609401,74.554,0.474210526316,-1.0,72.126,-5.0,5.0
74.912,-2.96979421836,0.987468225549,-0.985746676214,74.80199999999999,0.5,-0.898340950514,72.126,-5.0,5.0
75.148,-3.03682904784,0.97778849485,-0.999925334614,75.04999999999998,0.5,-1.0,72.126,-5.0,5.0
75.37899999999999,-3.12820450111,0.995955606569,-0.98184184921,75.25399999999999,0.5,-0.688542182822,72.126,-5.0,5.0
75.61499999999998,-3.22381817395,1.04673807112,-0.947801193713,75.45500000000001,0.5,-0.542274791316,72.126,-5.0,5.0
75.84599999999998,-3.31213415734,1.12387404345,-0.922849691235,75.65599999999998,0.5,-0.473684210526,72.126,-5.0,5.0
76.083,-3.3896068422,1.21186373831,-0.900785198167,75.90200000000002,0.5,-0.342105263158,72.126,-5.0,5.0
76.314,-3.45824699415,1.30709511877,-0.879648213847,76.10999999999999,0.5,-0.342105263158,72.126,-5.0,5.0
76.54499999999999,-3.51816571248,1.4083390686,-0.858397057772,76.35499999999999,0.5,-0.342105263158,72.126,-5.0,5.0
76.78,-3.57063813749,1.5125968838,-0.847797968644,76.55600000000001,0.5,-0.342105263158,72.126,-5.0,5.0
77.013,-3.62016917766,1.61836586985,-0.839317096609,76.80600000000001,0.5,-0.210526315789,72.126,-5.0,5.0
77.249,-3.66626426768,1.72615745576,-0.829990195663,77.05299999999997,0.5,-0.0789473684211,72.126,-5.0,5.0
77.47999999999999,-3.70977697405,1.83424768647,-0.827525123377,77.256,0.5,-0.0789473684211,72.126,-5.0,5.0
77.71199999999996,-3.75215011979,1.9428873538,-0.822546177325,77.458,0.5,-0.0789473684211,72.126,-5.0,5.0
77.94699999999997,-3.791502965,2.05330169778,-0.810706961568,77.70599999999999,0.5,-0.0789473684211,72.126,-5.0,5.0
78.16299999999998,-3.82729278203,2.164246671,-0.804864333039,77.90799999999999,0.5,0.0,72.126,-5.0,5.0
78.37899999999999,-3.85613415009,2.26003952565,-0.799334015536,78.15200000000002,0.5,-0.0789473684211,72.126,-5.0,5.0
78.61499999999998,-3.88908955111,2.37194225101,-0.796954988147,78.35599999999997,0.5,0.184210526316,72.126,-5.0,5.0
78.84599999999998,-3.92008374777,2.48443316778,-0.797404403278,78.60599999999997,0.5,-0.0789473684211,72.126,-5.0,5.0
79.08199999999997,-3.95183530031,2.59656083315,-0.797205114349,78.85599999999997,0.5,0.0526315789474,72.126,-5.0,5.0
79.314,-3.98342199637,2.70856210245,-0.799140558032,79.10999999999999,0.5,-0.0789473684211,72.126,-5.0,5.0
79.54499999999999,-4.01636928238,2.82070939879,-0.802374129104,79.35299999999998,0.5,0.0526315789474,72.126,-5.0,5.0
79.78099999999998,-4.05006955484,2.93217246927,-0.803452436099,79.554,0.5,0.0,72.126,-5.0,5.0
80.013,-4.08464335972,3.04311347566,-0.809107717708,79.756,0.5,0.0,72.126,-5.0,5.0
80.249,-4.12140725687,3.1541328663,-0.811284785538,80.00199999999998,0.5,0.0526315789474,72.126,-5.0,5.0
80.47999999999999,-4.15981981131,3.26404665726,-0.817308103566,80.215,0.5,0.184210526316,72.126,-5.0,5.0
80.71199999999996,-4.19943780334,3.37354257422,-0.819455249494,80.45699999999997,0.5,0.0526315789474,72.126,-5.0,5.0
80.951,-4.24023885247,3.48295447673,-0.824797471502,80.703,0.5,0.0526315789474,72.126,-5.0,5.0
81.179,-4.28284385638,3.59112136432,-0.828479920984,80.90700000000001,0.5,0.0526315789474,72.126,-5.0,5.0
81.41499999999999,-4.3268030846,3.69880713094,-0.830671983661,81.15200000000002,0.5,0.0526315789474,72.126,-5.0,5.0
81.64599999999999,-4.37183231365,3.80666294308,-0.833753950284,81.352,0.5,0.0526315789474,72.126,-5.0,5.0
81.88199999999998,-4.41823473027,3.91331614462,-0.840139385466,81.55600000000001,0.5,0.0526315789474,72.126,-5.0,5.0
82.114,-4.46647381919,4.01927514266,-0.842457115594,81.75800000000001,0.5,0.184210526316,72.126,-5.0,5.0
82.345,-4.51596906421,4.12521221079,-0.845024307464,82.00300000000001,0.5,0.0526315789474,72.126,-5.0,5.0
82.58099999999999,-4.56654609113,4.23006070543,-0.850511973618,82.21099999999998,0.5,0.0526315789474,72.126,-5.0,5.0
82.81299999999996,-4.61880450348,4.33353652112,-0.852193999347,82.45500000000001,0.5,0.184210526316,72.126,-5.0,5.0
83.049,-4.66584061598,4.42610804298,-0.854930226016,82.65700000000001,0.5,0.0,72.126,-5.0,5.0
83.28,-4.70585013736,4.50188626405,-0.858444974927,82.905,0.410895676496,0.0526315789474,72.126,-5.0,5.0
83.51199999999997,-4.74161861537,4.56769265071,-0.859908244505,83.15200000000002,0.349346985629,0.0526315789474,72.126,-5.0,5.0
83.74699999999999,-4.77437698456,4.62675074366,-0.864710194694,83.35499999999999,0.310393042592,0.0,72.126,-5.0,5.0
83.97900000000001,-4.80409319148,4.67654930124,-0.872441512796,83.56999999999996,0.290393878616,0.184210526316,72.126,-5.0,5.0
84.21399999999997,-4.83080773921,4.71951005657,-0.875823644779,83.804,0.251394678354,0.184210526316,72.126,-5.0,5.0
84.446,-4.85451556098,4.75649385317,-0.879018479743,84.05699999999999,0.213465603113,0.0526315789474,72.126,-5.0,5.0
84.68199999999999,-4.87543059171,4.78820119704,-0.881808617308,84.25800000000001,0.188691100727,0.0526315789474,72.126,-5.0,5.0
84.91400000000002,-4.89371742749,4.81526254215,-0.884704131203,84.50499999999997,0.163476554059,0.0526315789474,72.126,-5.0,5.0
85.14599999999999,-4.91000130147,4.83880198996,-0.886189285141,84.756,0.138725702292,0.0526315789474,72.126,-5.0,5.0
85.381,-4.92371310476,4.85791016349,-0.891712529955,85.001,0.120302828757,0.0,72.126,-5.0,5.0
85.61299999999997,-4.93566808192,4.87399236627,-0.896427982135,85.20599999999999,0.101408759662,0.0526315789474,72.126,-5.0,5.0
85.84799999999998,-4.94581895098,4.88683783224,-0.902431111269,85.45599999999999,0.0827253620921,0.184210526316,72.126,-5.0,5.0
86.08000000000001,-4.95512493188,4.89786515928,-0.911804047702,85.70500000000001,0.0728808302911,0.0526315789474,72.126,-5.0,5.0
86.31199999999998,-4.97018769835,4.91438187789,-0.917729787816,85.95199999999997,0.0607090089753,0.184210526316,72.126,-5.0,5.0
86.547,-4.9800018206,4.92462525647,-0.922042984931,86.19999999999996,0.0469067506813,-0.210526315789,72.126,-5.0,5.0
86.78299999999999,-4.98338771827,4.92804985062,-0.923816339522,86.40299999999999,0.0419282058161,0.149851264748,72.126,-5.0,5.0
87.01500000000001,-4.98354621784,4.92820269421,-0.919856744577,86.60599999999997,0.0115948194167,-0.0,72.126,-5.0,5.0
87.22999999999999,-4.98398089497,4.92865993458,-0.906809846145,86.80600000000001,0.0,-0.0921770093918,72.126,-5.0,5.0
87.446,-4.98458232784,4.92940549009,-0.886922171148,87.05100000000002,0.0,-0.245155893631,72.126,-5.0,5.0
87.66299999999998,-4.98591547818,4.93153799776,-0.85933545828,87.25199999999998,0.0,-0.408834766864,72.126,-5.0,5.0
87.881,-4.98649207119,4.93265945773,-0.828869286616,87.50300000000001,0.0,-0.558118992767,72.126,-5.0,5.0
88.09599999999998,-4.98684360197,4.93368778226,-0.781752237933,87.70599999999999,0.0,-0.564742968307,72.126,-5.0,5.0
88.31299999999996,-4.98709499634,4.93512937684,-0.727574327014,87.94999999999996,0.0,-0.716533596484,72.126,-5.0,5.0
88.549,-4.9870528177,4.93710014904,-0.646243656896,88.20399999999998,0.0,-0.865136654371,72.126,-5.0,5.0
88.78,-4.98653875206,4.93910288447,-0.552897013185,88.45500000000001,0.0,-1.0,72.126,-5.0,5.0
89.01199999999997,-4.98554305779,4.94097297344,-0.451595362814,88.65700000000001,0.0,-1.0,72.126,-5.0,5.0
89.24699999999999,-4.98418473575,4.94253591618,-0.353547380978,88.905,0.0,-1.0,72.126,-5.0,5.0
89.48299999999998,-4.98292370773,4.94353550154,-0.272444433996,89.10599999999997,0.0,-0.895937572271,72.126,-5.0,5.0
89.696,-4.98198207102,4.94407787711,-0.212957647269,89.35499999999999,0.0,-0.680833899701,72.126,-5.0,5.0
89.91299999999998,-4.98133212995,4.94436984031,-0.172609789714,89.60400000000001,0.0,-0.494163435477,72.126,-5.0,5.0
90.12999999999997,-4.98071459586,4.94459181124,-0.134750507561,89.80600000000001,0.0,-0.399365680695,72.126,-5.0,5.0
90.34799999999998,-4.98028544218,4.94471666985,-0.108674398336,90.05600000000001,0.0,-0.300719250819,72.126,-5.0,5.0
90.58000000000001,-4.97989002582,4.94481174002,-0.0847115390972,90.27000000000001,0.0,-0.242978150492,72.126,-5.0,5.0
90.81199999999998,-4.97958212158,4.94487324374,-0.0660388894327,90.50300000000001,0.0,-0.18880654873,72.126,-5.0,5.0
91.047,-4.97933993127,4.94491443585,-0.0512910716986,90.75499999999997,0.0,-0.141846788706,72.126,-5.0,5.0
91.28099999999998,-4.9791525969,4.94494243775,-0.0398093961971,91.001,0.0,-0.110294740064,72.126,-5.0,5.0
91.513,-4.97900820004,4.94496220385,-0.0308710733157,91.25199999999998,0.0,-0.0825931312028,72.126,-5.0,5.0
91.749,-4.97889581688,4.94497690766,-0.0238188899304,91.45500000000001,0.0,-0.0663717603104,72.126,-5.0,5.0
91.98099999999997,-4.97889026811,4.94498223856,-0.0228067209429,91.70399999999998,0.0,-0.0513032858228,91.87699999999998,5.0,2.0
92.21099999999998,-4.96859997893,4.94546294971,-0.0242112310459,92.00300000000001,0.5,-0.473684210526,91.87699999999998,5.0,2.0
92.44699999999997,-4.92559557555,4.94844193484,-0.0451094471529,92.25499999999997,0.5,-0.736842105263,91.87699999999998,5.0,2.0
92.679,-4.85874873176,4.95628702233,-0.077289743775,92.45599999999999,0.5,-0.736842105263,91.87699999999998,5.0,2.0
92.91499999999999,-4.76966687668,4.97253279384,-0.0971792882573,92.65799999999999,0.474210526316,-1.0,91.87699999999998,5.0,2.0
93.14699999999996,-4.66377804978,4.98919299489,-0.0511050515696,92.90700000000001,0.5,-1.0,91.87699999999998,5.0,2.0
93.38199999999998,-4.54786933355,4.99392210835,0.0139649453066,93.15299999999999,0.5,-0.605263157895,91.87699999999998,5.0,2.0
93.61299999999997,-4.43248346997,4.98320134564,0.0742196296628,93.35799999999998,0.5,-0.605263157895,91.87699999999998,5.0,2.0
93.85299999999998,-4.3183290688,4.96063036578,0.118447177259,93.60400000000001,0.5,-0.473684210526,91.87699999999998,5.0,2.0
94.08099999999999,-4.20794913366,4.92933139704,0.154051799868,93.80699999999999,0.5,-0.342105263158,91.87699999999998,5.0,2.0
94.311,-4.09751327636,4.89104454293,0.178592425072,94.05299999999997,0.5,-0.210526315789,91.87699999999998,5.0,2.0
94.547,-3.98849219586,4.84799655784,0.192579621993,94.28099999999998,0.5,-0.210526315789,91.87699999999998,5.0,2.0
94.77899999999997,-3.88061383897,4.80240017426,0.208932756335,94.50800000000001,0.5,-0.0789473684211,91.87699999999998,5.0,2.0
95.01399999999998,-3.77421267465,4.75499149261,0.208965602686,94.70899999999997,0.5,-0.0789473684211,91.87699999999998,5.0,2.0
95.24600000000001,-3.66757797987,4.7071728549,0.207224617899,94.95399999999998,0.5,-0.0789473684211,91.87699999999998,5.0,2.0
95.48499999999999,-3.56122519651,4.65949957484,0.209300708106,95.20199999999997,0.5,0.0,91.87699999999998,5.0,2.0
95.713,-3.45512342734,4.61136437605,0.211656063705,95.405,0.5,0.0526315789474,91.87699999999998,5.0,2.0
95.94800000000001,-3.3487483564,4.5625348182,0.214994303437,95.607,0.5,0.0,91.87699999999998,5.0,2.0
96.17999999999998,-3.24292087047,4.51394895753,0.212070429042,95.80799999999996,0.5,-0.0789473684211,91.87699999999998,5.0,2.0
96.412,-3.13673946172,4.46613004535,0.210075010599,96.054,0.5,0.0526315789474,91.87699999999998,5.0,2.0
96.62999999999997,-3.02998758586,4.41877743336,0.20494033354,96.30699999999999,0.5,0.0,91.87699999999998,5.0,2.0
96.84700000000001,-2.93773229544,4.37945615221,0.195765853663,96.55600000000001,0.5,-0.0789473684211,91.87699999999998,5.0,2.0
97.08399999999997,-2.82966248348,4.33579018544,0.190266007114,96.75999999999996,0.5,0.184210526316,91.87699999999998,5.0,2.0
97.311,-2.72119870621,4.29466044747,0.172757943213,97.00300000000001,0.5,0.0526315789474,91.87699999999998,5.0,2.0
97.54599999999996,-2.61146685031,4.2545331133,0.174535032747,97.25399999999999,0.5,-0.0789473684211,91.87699999999998,5.0,2.0
97.78200000000001,-2.50216737999,4.21499939127,0.174029386678,97.50300000000001,0.5,0.184210526316,91.87699999999998,5.0,2.0
98.01399999999998,-2.39279674443,4.17517877766,0.174468906931,97.70599999999999,0.5,-0.0789473684211,91.87699999999998,5.0,2.0
98.24600000000001,-2.28297327228,4.13522917751,0.171902012171,97.90899999999996,0.5,-0.0789473684211,91.87699999999998,5.0,2.0
98.48099999999997,-2.17332444716,4.09607481608,0.169964604212,98.15399999999997,0.5,0.0526315789474,91.87699999999998,5.0,2.0
98.713,-2.06334914721,4.05848657234,0.161391800766,98.36999999999998,0.5,0.0526315789474,91.87699999999998,5.0,2.0
98.953,-1.95255591624,4.02190633828,0.150694185112,98.60599999999997,0.5,0.0,91.87699999999998,5.0,2.0
99.16299999999998,-1.84152889382,3.9869004755,0.149040064048,98.80699999999999,0.5,0.0526315789474,91.87699999999998,5.0,2.0
99.37899999999999,-1.74611357424,3.95690592964,0.152590304753,99.054,0.5,0.184210526316,91.87699999999998,5.0,2.0
99.61499999999998,-1.63514093957,3.92115213415,0.156312598111,99.256,0.5,-0.0789473684211,91.87699999999998,5.0,2.0
99.85,-1.52404586011,3.88535813013,0.155386246765,99.50699999999998,0.5,0.184210526316,91.87699999999998,5.0,2.0
100.083,-1.41309460344,3.85019213379,0.15272922078,99.756,0.5,0.0,91.87699999999998,5.0,2.0
100.29599999999996,-1.30214315428,3.81479323956,0.15533414204,100.00300000000001,0.5,-0.0789473684211,91.87699999999998,5.0,2.0
100.51500000000001,-1.20700334755,3.7843079139,0.153141884745,100.20699999999997,0.5,-0.0789473684211,91.87699999999998,5.0,2.0
100.74499999999998,-1.09547057793,3.7493513621,0.149540165453,100.45399999999998,0.5,0.0526315789474,91.87699999999998,5.0,2.0
100.98099999999997,-0.984197476341,3.71510204504,0.148098233411,100.65399999999997,0.5,0.0526315789474,91.87699999999998,5.0,2.0
101.213,-0.872881788714,3.6803511389,0.151237775849,100.88300000000001,0.5,0.0526315789474,91.87699999999998,5.0,2.0
101.44899999999998,-0.761064185855,3.64593691145,0.150745941972,101.10499999999999,0.5,0.0,91.87699999999998,5.0,2.0
101.67999999999998,-0.649891969958,3.61087438161,0.155340283285,101.30699999999999,0.5,0.0526315789474,91.87699999999998,5.0,2.0
101.91099999999997,-0.539264790821,3.57450018473,0.155162894494,101.50800000000001,0.5,0.0526315789474,91.87699999999998,5.0,2.0
102.14699999999996,-0.427859145074,3.53841474286,0.157223772491,101.756,0.5,0.0,91.87699999999998,5.0,2.0
102.37899999999999,-0.317281853905,3.50183482744,0.16001003882,102.00399999999999,0.5,-0.0789473684211,91.87699999999998,5.0,2.0
102.614,-0.206682273427,3.46558303603,0.155858840758,102.25300000000001,0.5,0.0,91.87699999999998,5.0,2.0
102.845,-0.0953138237178,3.43010785954,0.15148528888,102.45500000000001,0.5,0.0526315789474,91.87699999999998,5.0,2.0
103.06299999999996,0.0159261778163,3.39542730445,0.152362088391,102.65599999999998,0.5,0.0526315789474,91.87699999999998,5.0,2.0
103.28099999999998,0.11115392255,3.36469489433,0.157910948014,102.857,0.5,0.0526315789474,91.87699999999998,5.0,2.0
103.513,0.221665360321,3.32777450101,0.161790806743,103.10299999999998,0.5,0.0,91.87699999999998,5.0,2.0
103.74799999999996,0.332291503572,3.28954288206,0.167250072693,103.30600000000001,0.5,0.0526315789474,91.87699999999998,5.0,2.0
103.98099999999997,0.442086707262,3.25055989998,0.172011440454,103.55699999999999,0.5,-0.0789473684211,91.87699999999998,5.0,2.0
104.21199999999996,0.551553248128,3.21111924183,0.170552475266,103.80699999999999,0.5,-0.0789473684211,91.87699999999998,5.0,2.0
104.44699999999997,0.661630582558,3.17170427311,0.170861806269,104.05299999999997,0.5,0.0526315789474,91.87699999999998,5.0,2.0
104.679,0.771195809014,3.13187132246,0.177562855407,104.30799999999996,0.5,0.0,91.87699999999998,5.0,2.0
104.91400000000002,0.879841837648,3.09040895002,0.184710070833,104.50899999999999,0.5,0.0,91.87699999999998,5.0,2.0
105.14699999999996,0.988741696873,3.04766850306,0.18731310081,104.75899999999999,0.5,-0.0789473684211,91.87699999999998,5.0,2.0
105.37800000000001,1.09673507212,3.00499004377,0.186812378346,105.00300000000001,0.5,-0.0789473684211,91.87699999999998,5.0,2.0
105.614,1.20517566571,2.96272284971,0.182653847804,105.25399999999999,0.5,0.0,91.87699999999998,5.0,2.0
105.84899999999996,1.31442964076,2.92122042158,0.178059891588,105.45899999999997,0.5,0.0526315789474,91.87699999999998,5.0,2.0
106.08199999999997,1.42361843327,2.88182035656,0.165054183446,105.70500000000001,0.5,0.0,91.87699999999998,5.0,2.0
106.31299999999996,1.5337518427,2.84494218516,0.162242362787,105.90700000000001,0.5,0.0,91.87699999999998,5.0,2.0
106.549,1.64455837407,2.80806253681,0.152971266746,106.16,0.5,-0.0789473684211,91.87699999999998,5.0,2.0
106.78099999999998,1.75607384788,2.77402064913,0.146490165119,106.405,0.5,0.0526315789474,91.87699999999998,5.0,2.0
107.00999999999996,1.86791472488,2.74129601927,0.142413477527,106.60599999999997,0.5,0.0526315789474,91.87699999999998,5.0,2.0
107.249,1.98017407687,2.70773964715,0.147639279875,106.80799999999996,0.5,0.0526315789474,91.87699999999998,5.0,2.0
107.48099999999997,2.09167102959,2.67413277463,0.144804393773,107.00899999999999,0.5,0.0526315789474,91.87699999999998,5.0,2.0
107.71700000000001,2.20338737441,2.64149662175,0.137971259637,107.25199999999998,0.5,-0.0789473684211,91.87699999999998,5.0,2.0
107.94800000000001,2.31597021859,2.61012667361,0.133360720746,107.45500000000001,0.5,0.0,91.87699999999998,5.0,2.0
108.17999999999998,2.42822250197,2.5792123524,0.135770667491,107.70699999999997,0.5,0.184210526316,91.87699999999998,5.0,2.0
108.41099999999997,2.54031578422,2.54766663315,0.138355031092,107.90799999999999,0.5,0.0,91.87699999999998,5.0,2.0
108.64699999999996,2.6527164974,2.51549730564,0.138032500942,108.15399999999997,0.5,0.0,91.87699999999998,5.0,2.0
108.87800000000001,2.76484966074,2.48406543587,0.134715349382,108.357,0.5,0.0,91.87699999999998,5.0,2.0
109.09599999999998,2.87716801899,2.45348012932,0.132160772369,108.607,0.5,0.0,91.87699999999998,5.0,2.0
109.314,2.973323342,2.42750599748,0.130068490777,108.85599999999997,0.5,0.0526315789474,91.87699999999998,5.0,2.0
109.54599999999996,3.08628883438,2.39677913853,0.129771002039,109.05699999999999,0.5,-0.0789473684211,91.87699999999998,5.0,2.0
109.78099999999998,3.19883044944,2.36655812187,0.132878276958,109.304,0.5,0.0,91.87699999999998,5.0,2.0
110.013,3.31126597129,2.33531860425,0.137450540646,109.55299999999997,0.5,-0.0789473684211,91.87699999999998,5.0,2.0
110.249,3.42375863507,2.30335158362,0.140665234555,109.75800000000001,0.5,-0.0789473684211,91.87699999999998,5.0,2.0
110.47999999999999,3.53559415407,2.27097083762,0.136892196174,110.00300000000001,0.5,0.184210526316,91.87699999999998,5.0,2.0
110.71199999999996,3.64766505053,2.23935540746,0.137745274833,110.25199999999998,0.5,0.0,91.87699999999998,5.0,2.0
110.94699999999997,3.7601927939,2.20750453491,0.136327164219,110.45699999999997,0.5,0.0,91.87699999999998,5.0,2.0
111.179,3.87243115316,2.17676817158,0.130467092841,110.70599999999999,0.5,0.0,91.87699999999998,5.0,2.0
111.41400000000002,3.98227910138,2.14920075255,0.117477035959,110.95399999999998,0.5,0.0526315789474,91.87699999999998,5.0,2.0
111.64599999999999,4.09381780729,2.1227121954,0.112805599898,111.203,0.5,0.184210526316,91.87699999999998,5.0,2.0
111.88199999999998,4.20747221504,2.09761704522,0.101021715771,111.40599999999998,0.474210526316,0.0526315789474,91.87699999999998,5.0,2.0
112.114,4.31524345184,2.07668163167,0.0906273176603,111.65700000000001,0.5,0.0526315789474,91.87699999999998,5.0,2.0
112.345,4.4089319822,2.05993910874,0.0864367334034,111.90599999999998,0.469715817967,0.0526315789474,91.87699999999998,5.0,2.0
112.58099999999999,4.48958923284,2.04689839589,0.0769162114997,112.15299999999999,0.396696259589,0.0,91.87699999999998,5.0,2.0
112.81199999999998,4.55786946538,2.03710115295,0.0623846531825,112.357,0.349470105433,0.184210526316,91.87699999999998,5.0,2.0
113.049,4.61654995602,2.02995845496,0.0612781075203,112.607,0.301506383399,0.184210526316,91.87699999999998,5.0,2.0
113.28,4.66506813512,2.02427185884,0.0552963129829,112.85299999999998,0.242907153491,0.0526315789474,91.87699999999998,5.0,2.0
113.51500000000001,4.70777114689,2.01975821567,0.0502776486099,113.054,0.214864832712,0.0526315789474,91.87699999999998,5.0,2.0
113.72999999999999,4.74447348102,2.01632501626,0.0371619199804,113.256,0.191321050119,0.0526315789474,91.87699999999998,5.0,2.0
113.94699999999997,4.77572070577,2.01426766963,0.0362705792405,113.46000000000001,0.170273224237,0.0526315789474,91.87699999999998,5.0,2.0
114.179,4.80369606307,2.01246479572,0.025123491432,113.70500000000001,0.140923153537,0.0526315789474,91.87699999999998,5.0,2.0
114.41400000000002,4.82694126661,2.01182016111,-5.83438286273e-05,113.95199999999997,0.11933303659,0.0,91.87699999999998,5.0,2.0
114.64599999999999,4.84680926098,2.01253888743,-0.0283602743648,114.19999999999996,0.0990150764783,0.315789473684,91.87699999999998,5.0,2.0
114.881,4.8633410946,2.0135013228,-0.0277701450926,114.40799999999999,0.0840092297879,0.315789473684,91.87699999999998,5.0,2.0
115.114,4.87739730607,2.0143788328,-0.0195610531252,114.655,0.0692520403238,0.315789473684,91.87699999999998,5.0,2.0
115.345,4.88907184633,2.01456289766,-0.00362707376433,114.90599999999998,0.0584276141375,0.315789473684,91.87699999999998,5.0,2.0
115.58399999999997,4.90134681357,2.01475174481,-0.00077932928261,115.15099999999998,0.0488648531355,-0.210526315789,91.87699999999998,5.0,2.0
115.81199999999998,4.909826987,2.01471133599,0.00362638506646,115.35400000000001,0.0423120381585,-0.342105263158,91.87699999999998,5.0,2.0
116.04599999999996,4.91052753002,2.01469713477,0.00124683120024,115.56499999999997,0.0335439580889,-0.342105263158,91.87699999999998,5.0,2.0
